Cluster,Avg_Recency,Std_Recency,Count_Recency,Avg_Frequency,Std_Frequency,Count_Frequency,Avg_Monetary,Std_Monetary,Count_Monetary
0,8.392857142857142,7.903229653821212,56,1.0,0.0,56,2.2142857142857144,0.7252406676228423,56
1,97.0,12.727922061357855,2,1.0,0.0,2,1.75,1.0606601717798212,2
2,9.53623188405797,9.138766344446072,69,1.0,0.0,69,4.277777777777778,0.5488153214703557,69
